id,revenue
3001,269773455.3
3002,314953166.6
3003,294879390.6
3004,268542937.2
3005,294382785.8
3006,294977890.3
3007,268548821.0
3008,320174597.3
3009,287278735.9
3010,500180593.9
3011,295764602.9
3012,281804967.8
3013,260204940.2
3014,297916428.9
3015,292400971.2
3016,297031216.6
3017,288735692.1
3018,324349728.3
3019,294977890.3
3020,876675172.9
3021,288735692.1
3022,282370528.6
3023,294879390.6
3024,260974755.8
3025,297031216.6
3026,310683301.8
3027,268450321.3
3028,494785479.2
3029,280278716.2
3030,280637367.4
3031,294879390.6
3032,260297556.1
3033,314953166.6
3034,268450321.3
3035,314953166.6
3036,267953716.5
3037,281873923.8
3038,282623340.1
3039,295817470.3
3040,288524097.3
3041,302138895.3
3042,296534611.8
3043,314953166.6
3044,274937230.5
3045,567041172.2
3046,268450321.3
3047,386710526.8
3048,265777208.0
3049,294879390.6
3050,294977890.3
3051,296534611.8
3052,254112987.5
3053,295764602.9
3054,268542937.2
3055,307190593.5
3056,295507611.3
3057,515803057.7
3058,665422412.5
3059,260297556.1
3060,479177983.9
3061,302635500.1
3062,273380509.0
3063,282370528.6
3064,483125820.9
3065,282370528.6
3066,375880112.9
3067,317104992.6
3068,255544963.4
3069,400080318.4
3070,260204940.2
3071,259708335.4
3072,709837164.2
3073,297031216.6
3074,296534611.8
3075,304787326.1
3076,533938464.2
3077,304290721.3
3078,328244558.3
3079,259039986.1
3080,476798713.2
3081,294977890.3
3082,295764602.9
3083,302635500.1
3084,295412822.3
3085,272028895.8
3086,307190593.5
3087,296534611.8
3088,294879390.6
3089,260303439.9
3090,280637367.4
3091,310683301.8
3092,294879390.6
3093,521721244.3
3094,401659685.5
3095,298766134.7
3096,294527610.0
3097,712957073.8
3098,296534611.8
3099,346373325.6
3100,267953716.5
3101,296534611.8
3102,280278716.2
3103,268548821.0
3104,297564648.3
3105,485941461.8
3106,548308610.2
3107,298766134.7
3108,294382785.8
3109,297031216.6
3110,423038204.1
3111,294287560.6
3112,267953716.5
3113,267953716.5
3114,260204940.2
3115,297031216.6
3116,294879390.6
3117,268450321.3
3118,294879390.6
3119,259381490.1
3120,676101572.1
3121,260303439.9
3122,294879390.6
3123,296534611.8
3124,268548821.0
3125,386710526.8
3126,322209669.4
3127,297031216.6
3128,284522354.6
3129,300652859.2
3130,306796557.7
3131,268450321.3
3132,268542937.2
3133,268542937.2
3134,306444777.1
3135,296534611.8
3136,274377959.0
3137,370484569.9
3138,314601386.0
3139,290794987.4
3140,282370528.6
3141,312665942.7
3142,296534611.8
3143,388754102.0
3144,261121812.2
3145,314953166.6
3146,268542937.2
3147,303402349.1
3148,295764602.9
3149,346462810.4
3150,457804565.9
3151,317104992.6
3152,283119944.9
3153,297031216.6
3154,294879390.6
3155,274874563.8
3156,317104992.6
3157,297031216.6
3158,280387752.6
3159,294879390.6
3160,386710526.8
3161,260303439.9
3162,268450321.3
3163,294287695.7
3164,295764602.9
3165,267953716.5
3166,273282009.3
3167,307190593.5
3168,303402349.1
3169,294977890.3
3170,268542937.2
3171,303402349.1
3172,307190593.5
3173,274937230.5
3174,260204940.2
3175,268450321.3
3176,254112987.5
3177,271120820.2
3178,268548821.0
3179,294382785.8
3180,297031216.6
3181,297916428.9
3182,526379741.8
3183,302138895.3
3184,388365748.0
3185,368592994.9
3186,298766134.7
3187,285297676.1
3188,294287560.6
3189,494785479.2
3190,388365748.0
3191,297031216.6
3192,268450321.3
3193,307190593.5
3194,544887014.9
3195,280278716.2
3196,267953716.5
3197,260303439.9
3198,561006961.3
3199,382362391.2
3200,304787326.1
3201,268450321.3
3202,268548821.0
3203,297916428.9
3204,267953716.5
3205,268548821.0
3206,296534611.8
3207,280637367.4
3208,268450321.3
3209,268191156.6
3210,501312109.9
3211,259708335.4
3212,282476283.7
3213,302138895.3
3214,303396465.3
3215,260303439.9
3216,304290721.3
3217,384140045.3
3218,268548821.0
3219,267953716.5
3220,329525560.2
3221,267953716.5
3222,317104992.6
3223,294977890.3
3224,294977890.3
3225,294879390.6
3226,296534611.8
3227,328244558.3
3228,764056266.7
3229,464238693.5
3230,314552667.2
3231,302635500.1
3232,382916872.0
3233,302138895.3
3234,294382785.8
3235,296534611.8
3236,280278716.2
3237,262358368.6
3238,297031216.6
3239,317104992.6
3240,470676538.9
3241,296534611.8
3242,294977890.3
3243,294879390.6
3244,260204940.2
3245,260204940.2
3246,290794987.4
3247,303766585.9
3248,272142371.5
3249,274323898.8
3250,379953048.3
3251,317104992.6
3252,303402349.1
3253,272870865.2
3254,386213922.0
3255,259708335.4
3256,300825430.0
3257,288524097.3
3258,303402349.1
3259,297031775.2
3260,294879390.6
3261,428804476.5
3262,280387752.6
3263,294382785.8
3264,285297676.1
3265,294382785.8
3266,288524097.3
3267,294382785.8
3268,267953716.5
3269,262358368.6
3270,252876431.1
3271,317104992.6
3272,282370528.6
3273,274874563.8
3274,418039907.8
3275,268542937.2
3276,294977890.3
3277,285626644.7
3278,462632138.8
3279,294620225.9
3280,390701837.3
3281,267953716.5
3282,317104992.6
3283,325608728.9
3284,250268834.0
3285,298766134.7
3286,274937230.5
3287,297031216.6
3288,290493905.8
3289,278947453.4
3290,298766134.7
3291,310003373.7
3292,398766372.0
3293,307190593.5
3294,267953716.5
3295,294620225.9
3296,317104992.6
3297,274955151.7
3298,279042666.8
3299,268450321.3
3300,280387752.6
3301,297031216.6
3302,288524097.3
3303,260204940.2
3304,313797028.5
3305,262854973.4
3306,298354350.6
3307,288607316.4
3308,300825430.0
3309,298354350.6
3310,294879390.6
3311,288524097.3
3312,260204940.2
3313,282789193.4
3314,294527610.0
3315,485615543.0
3316,294287560.6
3317,314953166.6
3318,267953716.5
3319,388365748.0
3320,302635500.1
3321,306895057.4
3322,296534611.8
3323,691664374.1
3324,291068561.4
3325,494910199.6
3326,521721244.3
3327,290887518.1
3328,302896837.7
3329,294977890.3
3330,525901244.4
3331,276756969.3
3332,280637367.4
3333,446650359.2
3334,260297556.1
3335,269220136.9
3336,294977890.3
3337,296202524.6
3338,302138895.3
3339,275433835.3
3340,591699825.1
3341,298354350.6
3342,274874563.8
3343,288735692.1
3344,273282009.3
3345,296534611.8
3346,310683301.8
3347,295764602.9
3348,310683301.8
3349,298766134.7
3350,562339255.6
3351,298766134.7
3352,264755166.2
3353,332826631.5
3354,294382785.8
3355,294879390.6
3356,274874563.8
3357,281804967.8
3358,294977890.3
3359,254112987.5
3360,285291792.3
3361,442504504.6
3362,260297556.1
3363,285297676.1
3364,303396465.3
3365,295412822.3
3366,515001643.1
3367,365179071.2
3368,294382785.8
3369,304133394.1
3370,294977890.3
3371,290887518.1
3372,314953166.6
3373,308872287.9
3374,386710526.8
3375,552162460.7
3376,281873923.8
3377,260204940.2
3378,277381263.6
3379,493952879.9
3380,322326423.3
3381,269335533.6
3382,274937230.5
3383,303303849.4
3384,262854973.4
3385,346373325.6
3386,281799084.0
3387,304133394.1
3388,622583648.7
3389,738994060.2
3390,386710526.8
3391,317296746.7
3392,296534611.8
3393,281804967.8
3394,539144223.7
3395,528464220.2
3396,275433835.3
3397,272785404.5
3398,360400949.0
3399,476275472.8
3400,297916428.9
3401,274937230.5
3402,296534611.8
3403,301578914.9
3404,294879390.6
3405,304290721.3
3406,299456752.1
3407,342537329.3
3408,298766134.7
3409,321090401.5
3410,284025749.8
3411,282789193.4
3412,288735692.1
3413,486411137.5
3414,280278716.2
3415,260297556.1
3416,303303849.4
3417,261121812.2
3418,305372569.7
3419,430921628.7
3420,303402349.1
3421,297031216.6
3422,260297556.1
3423,374236393.5
3424,296534611.8
3425,294382785.8
3426,303402349.1
3427,288735692.1
3428,314953166.6
3429,295342127.1
3430,624193108.7
3431,294382785.8
3432,259708335.4
3433,283200532.8
3434,296534611.8
3435,428481109.8
3436,442504504.6
3437,268450321.3
3438,259708335.4
3439,275520491.5
3440,300745011.7
3441,275520491.5
3442,296534611.8
3443,294879390.6
3444,259708335.4
3445,280637367.4
3446,272785404.5
3447,267953716.5
3448,304787326.1
3449,294977890.3
3450,282789193.4
3451,285626644.7
3452,283119944.9
3453,301981568.1
3454,281059110.3
3455,297916428.9
3456,307190593.5
3457,268542937.2
3458,260204940.2
3459,565295182.1
3460,294287560.6
3461,260303439.9
3462,287192834.5
3463,260974755.8
3464,268450321.3
3465,302138895.3
3466,262854973.4
3467,306796557.7
3468,262104820.8
3469,294879390.6
3470,294382785.8
3471,303402349.1
3472,274605143.3
3473,252876431.1
3474,285626644.7
3475,400080318.4
3476,296534611.8
3477,282370528.6
3478,294031005.2
3479,554105857.8
3480,297031216.6
3481,259708335.4
3482,303402349.1
3483,294972006.5
3484,297031216.6
3485,310683301.8
3486,467515253.9
3487,284025749.8
3488,386213922.0
3489,296534611.8
3490,269220136.9
3491,268548821.0
3492,294626109.7
3493,277168753.4
3494,268450321.3
3495,336342883.0
3496,294382785.8
3497,310683301.8
3498,284522354.6
3499,274937230.5
3500,294879390.6
3501,494785479.2
3502,262104820.8
3503,301578914.9
3504,306797988.3
3505,260204940.2
3506,348352202.6
3507,352220843.1
3508,303044684.7
3509,275433835.3
3510,279550007.3
3511,494785479.2
3512,500522598.1
3513,294977890.3
3514,294972006.5
3515,282411918.5
3516,282411918.5
3517,418105075.2
3518,308872287.9
3519,260303439.9
3520,297916428.9
3521,274937230.5
3522,294382785.8
3523,303402349.1
3524,288735692.1
3525,434467284.8
3526,268548821.0
3527,306895057.4
3528,300652859.2
3529,772698850.2
3530,332826631.5
3531,312665942.7
3532,288607316.4
3533,292400971.2
3534,294977890.3
3535,533938464.2
3536,295699365.4
3537,422975132.6
3538,294972006.5
3539,298766134.7
3540,261582117.0
3541,297031216.6
3542,259285035.8
3543,267953716.5
3544,261121812.2
3545,296534611.8
3546,294879390.6
3547,421932945.2
3548,510372011.4
3549,267953716.5
3550,546432944.0
3551,488356121.7
3552,287572089.2
3553,288524097.3
3554,517644691.1
3555,521721244.3
3556,280387752.6
3557,274377959.0
3558,392259437.4
3559,308872287.9
3560,268542937.2
3561,282789193.4
3562,294879390.6
3563,297916428.9
3564,268548821.0
3565,268542937.2
3566,290749915.5
3567,295764602.9
3568,294527610.0
3569,462632138.8
3570,275433835.3
3571,302896837.7
3572,471958357.0
3573,267953716.5
3574,288735692.1
3575,303303849.4
3576,297136607.7
3577,294879390.6
3578,282248524.7
3579,274022589.1
3580,294977890.3
3581,268450321.3
3582,459810325.9
3583,294879390.6
3584,274874563.8
3585,282789193.4
3586,260303439.9
3587,267953716.5
3588,260204940.2
3589,297916428.9
3590,294977890.3
3591,423945973.3
3592,303402349.1
3593,275433835.3
3594,260297556.1
3595,304290721.3
3596,307190593.5
3597,260204940.2
3598,310683301.8
3599,302635500.1
3600,275433835.3
3601,259708335.4
3602,261090152.5
3603,260303439.9
3604,294527610.0
3605,284025749.8
3606,294382785.8
3607,282370528.6
3608,517962247.4
3609,288524097.3
3610,310683301.8
3611,295764602.9
3612,386710526.8
3613,268542937.2
3614,366997715.4
3615,300448981.3
3616,256509785.1
3617,294382785.8
3618,300745011.7
3619,269335533.6
3620,465107857.1
3621,790133394.0
3622,298766134.7
3623,544295848.0
3624,317104992.6
3625,294031005.2
3626,284025749.8
3627,284025749.8
3628,444816566.2
3629,274874563.8
3630,288524097.3
3631,447595816.4
3632,303396465.3
3633,277086681.3
3634,268450321.3
3635,295764602.9
3636,300825430.0
3637,268191156.6
3638,277961760.9
3639,346109802.9
3640,774230695.5
3641,268548821.0
3642,267953716.5
3643,280278716.2
3644,275433835.3
3645,294287695.7
3646,267953716.5
3647,282623340.1
3648,268542937.2
3649,294977890.3
3650,314953166.6
3651,614876549.3
3652,294879390.6
3653,520719578.7
3654,268548821.0
3655,285626644.7
3656,297916428.9
3657,296534611.8
3658,295764602.9
3659,281059110.3
3660,362777922.1
3661,305372569.7
3662,269220136.9
3663,396095125.4
3664,296534611.8
3665,281706468.1
3666,294031005.2
3667,542132018.1
3668,274022589.1
3669,297031216.6
3670,281873923.8
3671,388862352.8
3672,395134985.6
3673,544295848.0
3674,298354350.6
3675,442093376.0
3676,337095078.1
3677,317104992.6
3678,304290721.3
3679,298766134.7
3680,268542937.2
3681,294620225.9
3682,298448845.5
3683,294879390.6
3684,349506719.7
3685,376112727.3
3686,294031005.2
3687,504568017.8
3688,317104992.6
3689,303402349.1
3690,529914798.2
3691,260303439.9
3692,260204940.2
3693,307190593.5
3694,298766134.7
3695,297160150.9
3696,294879390.6
3697,324398365.6
3698,284025749.8
3699,303303849.4
3700,295507611.3
3701,307190593.5
3702,317104992.6
3703,307190593.5
3704,282370528.6
3705,310683301.8
3706,296376091.7
3707,294879390.6
3708,322246539.6
3709,330111277.2
3710,294382785.8
3711,296534611.8
3712,307190593.5
3713,282623340.1
3714,268548821.0
3715,297916428.9
3716,306895057.4
3717,314953166.6
3718,296679436.0
3719,282370528.6
3720,294879390.6
3721,268450321.3
3722,260974755.8
3723,268450321.3
3724,302138895.3
3725,294879390.6
3726,294879390.6
3727,444929156.3
3728,630296098.5
3729,306796557.7
3730,252876431.1
3731,536258628.2
3732,319238194.9
3733,492639484.9
3734,442308287.4
3735,312665942.7
3736,281706468.1
3737,386710526.8
3738,295507611.3
3739,267953716.5
3740,296534611.8
3741,257696789.4
3742,321659015.8
3743,296997348.3
3744,436742955.7
3745,261121812.2
3746,419055323.7
3747,269335533.6
3748,295764602.9
3749,297031216.6
3750,268542937.2
3751,267953716.5
3752,273282009.3
3753,303402349.1
3754,304133394.1
3755,302896837.7
3756,268542937.2
3757,452346764.7
3758,310683301.8
3759,294382785.8
3760,579401564.9
3761,282370528.6
3762,365571968.1
3763,288735692.1
3764,280387752.6
3765,267953716.5
3766,317104992.6
3767,268450321.3
3768,260297556.1
3769,297031216.6
3770,288524097.3
3771,287515674.8
3772,294879390.6
3773,302138895.3
3774,360281457.5
3775,533938464.2
3776,552162460.7
3777,268548821.0
3778,272785404.5
3779,294382785.8
3780,260204940.2
3781,297160150.9
3782,268542937.2
3783,260974755.8
3784,276319047.6
3785,406907972.5
3786,284942930.5
3787,312197503.4
3788,418154059.1
3789,388365748.0
3790,267953716.5
3791,314552667.2
3792,314953166.6
3793,268548821.0
3794,286994187.6
3795,342089588.9
3796,268548821.0
3797,268450321.3
3798,302138895.3
3799,297916428.9
3800,294879390.6
3801,310683301.8
3802,261090152.5
3803,268548821.0
3804,268450321.3
3805,267953716.5
3806,283343662.1
3807,280278716.2
3808,294031005.2
3809,276306539.7
3810,268548821.0
3811,297031216.6
3812,314953166.6
3813,317104992.6
3814,294977890.3
3815,267009935.1
3816,365179071.2
3817,312665942.7
3818,321659015.8
3819,268542937.2
3820,310683301.8
3821,252876431.1
3822,265361673.2
3823,281873923.8
3824,274937230.5
3825,259708335.4
3826,288735692.1
3827,461309901.3
3828,303402349.1
3829,297564648.3
3830,256158322.1
3831,260204940.2
3832,483125820.9
3833,529914798.2
3834,260297556.1
3835,294382785.8
3836,260204940.2
3837,270228934.3
3838,294382785.8
3839,259708335.4
3840,298766134.7
3841,275433835.3
3842,274937230.5
3843,288776638.3
3844,329003536.0
3845,280278716.2
3846,314953166.6
3847,296534611.8
3848,294879390.6
3849,494785479.2
3850,279899461.5
3851,292400971.2
3852,324398365.6
3853,494785479.2
3854,295507611.3
3855,294977890.3
3856,268548821.0
3857,496694989.0
3858,296534611.8
3859,294879390.6
3860,291075320.8
3861,310003373.7
3862,268450321.3
3863,552162460.7
3864,268105326.2
3865,272142371.5
3866,294382785.8
3867,457322080.6
3868,294879390.6
3869,298766134.7
3870,310683301.8
3871,508110044.8
3872,268548821.0
3873,311059958.9
3874,285199176.4
3875,298766134.7
3876,314953166.6
3877,322246539.6
3878,310683301.8
3879,463931752.8
3880,298766134.7
3881,295764602.9
3882,294382785.8
3883,291542511.9
3884,590612090.8
3885,287192834.5
3886,254112987.5
3887,294879390.6
3888,260297556.1
3889,260297556.1
3890,533938464.2
3891,294879390.6
3892,260204940.2
3893,390701837.3
3894,272142371.5
3895,289606854.1
3896,288735692.1
3897,314601386.0
3898,269290136.8
3899,473754268.2
3900,317104992.6
3901,317104992.6
3902,269335533.6
3903,294977890.3
3904,303396465.3
3905,294879390.6
3906,288607316.4
3907,260297556.1
3908,356487802.7
3909,297031216.6
3910,294977890.3
3911,297031216.6
3912,296997348.3
3913,280637367.4
3914,357243422.0
3915,682134629.3
3916,314953166.6
3917,294879390.6
3918,302635500.1
3919,269220136.9
3920,254006496.1
3921,268450321.3
3922,300524483.5
3923,282370528.6
3924,304290721.3
3925,354639400.1
3926,317104992.6
3927,300652859.2
3928,562339255.6
3929,269141943.2
3930,288524097.3
3931,282623340.1
3932,294879390.6
3933,321090401.5
3934,320174597.3
3935,314953166.6
3936,268542937.2
3937,493952879.9
3938,318741590.1
3939,282623340.1
3940,306895057.4
3941,301578914.9
3942,354580767.3
3943,670283300.6
3944,295764602.9
3945,322246539.6
3946,388365748.0
3947,261121812.2
3948,294972006.5
3949,294879390.6
3950,296534611.8
3951,294879390.6
3952,262406731.7
3953,422975132.6
3954,423945973.3
3955,268542937.2
3956,332826631.5
3957,260303439.9
3958,280278716.2
3959,294879390.6
3960,294977890.3
3961,280637367.4
3962,281706468.1
3963,268450321.3
3964,812516003.9
3965,525901244.4
3966,274022589.1
3967,348126325.3
3968,320174597.3
3969,294879390.6
3970,297564648.3
3971,302138895.3
3972,306889173.6
3973,292400971.2
3974,280278716.2
3975,307190593.5
3976,310683301.8
3977,453102011.6
3978,554302035.8
3979,303402349.1
3980,268450321.3
3981,296534611.8
3982,294382785.8
3983,322246539.6
3984,465107857.1
3985,297031216.6
3986,709293211.6
3987,494785479.2
3988,277381263.6
3989,312665942.7
3990,302635500.1
3991,296534611.8
3992,294382785.8
3993,284025749.8
3994,260974755.8
3995,260974755.8
3996,302635500.1
3997,281804967.8
3998,447595481.8
3999,280607847.3
4000,331901744.7
4001,272562360.2
4002,496606796.4
4003,269335533.6
4004,280637367.4
4005,268542937.2
4006,274022589.1
4007,296534611.8
4008,268450321.3
4009,302138895.3
4010,268542937.2
4011,294879390.6
4012,580692741.4
4013,307190593.5
4014,294879390.6
4015,298766134.7
4016,269838487.4
4017,314552667.2
4018,307190593.5
4019,643621298.9
4020,260303439.9
4021,285593212.2
4022,267953716.5
4023,569044181.1
4024,294382785.8
4025,297916428.9
4026,312665942.7
4027,282789193.4
4028,268450321.3
4029,261090152.5
4030,324583109.8
4031,466542029.6
4032,297031216.6
4033,314953166.6
4034,259708335.4
4035,307190593.5
4036,280278716.2
4037,294972006.5
4038,268450321.3
4039,294879390.6
4040,303044684.7
4041,268191156.6
4042,281361021.2
4043,260297556.1
4044,290887518.1
4045,317289736.8
4046,314953166.6
4047,688452689.6
4048,267953716.5
4049,280278716.2
4050,267953716.5
4051,535246551.5
4052,300250334.4
4053,295764602.9
4054,260303439.9
4055,304787326.1
4056,268450321.3
4057,294972006.5
4058,314953166.6
4059,294879390.6
4060,288735692.1
4061,320174597.3
4062,298766134.7
4063,303402349.1
4064,537375424.7
4065,536416050.9
4066,297031216.6
4067,304290721.3
4068,268450321.3
4069,386710526.8
4070,317104992.6
4071,295764602.9
4072,388365748.0
4073,300652859.2
4074,280278716.2
4075,294977890.3
4076,308872287.9
4077,506575011.1
4078,296202524.6
4079,552162460.7
4080,386213922.0
4081,398627693.9
4082,521721244.3
4083,302635500.1
4084,294382785.8
4085,312665942.7
4086,425054023.2
4087,295260829.2
4088,302635500.1
4089,294626109.7
4090,268450321.3
4091,346373325.6
4092,311059958.9
4093,297160150.9
4094,386213922.0
4095,614627968.1
4096,303303849.4
4097,274377959.0
4098,304290721.3
4099,294879390.6
4100,267275110.4
4101,282370528.6
4102,281799084.0
4103,261121812.2
4104,260204940.2
4105,295507611.3
4106,267953716.5
4107,314953166.6
4108,298766134.7
4109,260204940.2
4110,386213922.0
4111,391341330.8
4112,317289736.8
4113,317104992.6
4114,268105326.2
4115,294977890.3
4116,302635500.1
4117,386710526.8
4118,302635500.1
4119,266070561.3
4120,294382785.8
4121,268542937.2
4122,464238693.5
4123,267953716.5
4124,269220136.9
4125,268548821.0
4126,294287560.6
4127,294382785.8
4128,306796557.7
4129,288524097.3
4130,267953716.5
4131,469915202.5
4132,310683301.8
4133,292400971.2
4134,260204940.2
4135,260974755.8
4136,428481109.8
4137,294031005.2
4138,284522354.6
4139,314953166.6
4140,260204940.2
4141,294382785.8
4142,337160144.9
4143,280637367.4
4144,297916428.9
4145,274937230.5
4146,260303439.9
4147,296534611.8
4148,294382785.8
4149,294879390.6
4150,295764602.9
4151,260297556.1
4152,262854973.4
4153,295764602.9
4154,268450321.3
4155,302800984.3
4156,294879390.6
4157,294977890.3
4158,283189944.8
4159,288735692.1
4160,392259437.4
4161,395134985.6
4162,303402349.1
4163,522254078.1
4164,302635500.1
4165,388862352.8
4166,317104992.6
4167,280387752.6
4168,294382785.8
4169,267953716.5
4170,267953716.5
4171,327959370.4
4172,311149647.0
4173,268450321.3
4174,267953716.5
4175,268542937.2
4176,281873923.8
4177,269335533.6
4178,401277374.8
4179,268450321.3
4180,472275913.3
4181,288607316.4
4182,268542937.2
4183,300745011.7
4184,294972006.5
4185,268450321.3
4186,294972006.5
4187,321090401.5
4188,256460233.0
4189,280278716.2
4190,269335533.6
4191,297916428.9
4192,317104992.6
4193,423945973.3
4194,310683301.8
4195,294879390.6
4196,303396465.3
4197,302667421.3
4198,268542937.2
4199,297916428.9
4200,290887518.1
4201,268841300.2
4202,434467284.8
4203,268450321.3
4204,307190593.5
4205,274937230.5
4206,283200532.8
4207,360400949.0
4208,372977392.9
4209,298882791.5
4210,542132018.1
4211,294287695.7
4212,702812108.1
4213,268450321.3
4214,294382785.8
4215,260303439.9
4216,303303849.4
4217,268542937.2
4218,269341882.6
4219,302635500.1
4220,302138895.3
4221,259708335.4
4222,288524097.3
4223,321659015.8
4224,260303439.9
4225,307033506.8
4226,317104992.6
4227,296534611.8
4228,268450321.3
4229,490118606.4
4230,298766134.7
4231,267084586.0
4232,359784852.7
4233,290887518.1
4234,302635500.1
4235,268450321.3
4236,260204940.2
4237,283119944.9
4238,252876431.1
4239,382938524.9
4240,549582406.9
4241,298766134.7
4242,317104992.6
4243,267953716.5
4244,542132018.1
4245,260204940.2
4246,303402349.1
4247,256158322.1
4248,295764602.9
4249,465463198.6
4250,301981568.1
4251,296534611.8
4252,533938464.2
4253,310683301.8
4254,302635500.1
4255,284522354.6
4256,412058630.1
4257,472275913.3
4258,302896837.7
4259,267953716.5
4260,570432552.1
4261,296534611.8
4262,279855733.2
4263,307969652.6
4264,479612812.3
4265,294879390.6
4266,294879390.6
4267,314953166.6
4268,260204940.2
4269,314953166.6
4270,372977392.9
4271,387031457.0
4272,269335533.6
4273,294977890.3
4274,357740026.8
4275,303396465.3
4276,281961700.5
4277,295817470.3
4278,259951659.3
4279,294287560.6
4280,267953716.5
4281,297031216.6
4282,316753212.0
4283,268450321.3
4284,268542937.2
4285,269335533.6
4286,568637888.0
4287,282370528.6
4288,307190593.5
4289,476275472.8
4290,293643899.4
4291,294620225.9
4292,260303439.9
4293,260204940.2
4294,442504504.6
4295,562339255.6
4296,294287560.6
4297,314953166.6
4298,295764602.9
4299,296534611.8
4300,302896837.7
4301,294382785.8
4302,268542937.2
4303,260204940.2
4304,305372569.7
4305,296534611.8
4306,304290721.3
4307,297916428.9
4308,294879390.6
4309,252876431.1
4310,275205902.3
4311,281923471.7
4312,281191836.1
4313,285417457.2
4314,268548821.0
4315,494785479.2
4316,493048708.5
4317,268450321.3
4318,304787326.1
4319,276319047.6
4320,268450321.3
4321,290887518.1
4322,276319047.6
4323,294972006.5
4324,296534611.8
4325,314953166.6
4326,294879390.6
4327,298766134.7
4328,317104992.6
4329,268542937.2
4330,473754268.2
4331,321090401.5
4332,310683301.8
4333,267953716.5
4334,476275472.8
4335,282789193.4
4336,280637367.4
4337,314953166.6
4338,400080318.4
4339,346373325.6
4340,288524097.3
4341,268542937.2
4342,267581190.8
4343,311059958.9
4344,272785404.5
4345,297031216.6
4346,282476283.7
4347,310683301.8
4348,267953716.5
4349,472275913.3
4350,382916872.0
4351,282789193.4
4352,316753212.0
4353,459291929.7
4354,288776638.3
4355,294287560.6
4356,267953716.5
4357,294287560.6
4358,275826571.9
4359,261528074.2
4360,290887518.1
4361,533938464.2
4362,294977890.3
4363,260974755.8
4364,307190593.5
4365,294527610.0
4366,311036415.7
4367,301578914.9
4368,332826631.5
4369,302635500.1
4370,282789193.4
4371,294879390.6
4372,274022589.1
4373,388862352.8
4374,382916872.0
4375,294879390.6
4376,314953166.6
4377,303396465.3
4378,317104992.6
4379,542132018.1
4380,298766134.7
4381,620367778.9
4382,532518180.2
4383,344598480.0
4384,324398365.6
4385,256509785.1
4386,405753933.6
4387,274377959.0
4388,312665942.7
4389,348126325.3
4390,260297556.1
4391,276319047.6
4392,453102011.6
4393,268542937.2
4394,300825430.0
4395,296534611.8
4396,307190593.5
4397,294972006.5
4398,417811577.5
4399,267953716.5
4400,302635500.1
4401,306796557.7
4402,274955151.7
4403,292400971.2
4404,308872287.9
4405,294977890.3
4406,267953716.5
4407,259708335.4
4408,260204940.2
4409,267953716.5
4410,267953716.5
4411,269220136.9
4412,562339255.6
4413,300745011.7
4414,298354350.6
4415,294879390.6
4416,260204940.2
4417,281361021.2
4418,273374625.2
4419,542132018.1
4420,320256776.3
4421,293355785.3
4422,306895057.4
4423,296534611.8
4424,285297676.1
4425,268542937.2
4426,268450321.3
4427,282623340.1
4428,268450321.3
4429,296534611.8
4430,259708335.4
4431,314953166.6
4432,562339255.6
4433,377505714.7
4434,533771101.7
4435,294977890.3
4436,307422453.7
4437,294879390.6
4438,296534611.8
4439,276319047.6
4440,294879390.6
4441,282370528.6
4442,268450321.3
4443,268450321.3
4444,294972006.5
4445,302635500.1
4446,269335533.6
4447,379511724.6
4448,260303439.9
4449,297031216.6
4450,544295848.0
4451,444816566.2
4452,312665942.7
4453,303402349.1
4454,295764602.9
4455,260204940.2
4456,442504504.6
4457,275433835.3
4458,293355785.3
4459,296182831.2
4460,294382785.8
4461,310683301.8
4462,280637367.4
4463,283119944.9
4464,280637367.4
4465,281873923.8
4466,268450321.3
4467,294972006.5
4468,281804967.8
4469,274377959.0
4470,290887518.1
4471,274167221.6
4472,455377682.5
4473,260303439.9
4474,268548821.0
4475,268548821.0
4476,264755166.2
4477,274022589.1
4478,275433835.3
4479,297916428.9
4480,275520491.5
4481,294382785.8
4482,275433835.3
4483,275433835.3
4484,268548821.0
4485,274811113.5
4486,267953716.5
4487,296534611.8
4488,387537724.0
4489,282370528.6
4490,260297556.1
4491,346373325.6
4492,285626644.7
4493,260204940.2
4494,294972006.5
4495,294382785.8
4496,291768120.9
4497,295764602.9
4498,298766134.7
4499,295764602.9
4500,262104820.8
4501,552162460.7
4502,260204940.2
4503,676101572.1
4504,294031005.2
4505,259708335.4
4506,311149647.0
4507,297916428.9
4508,294845522.3
4509,296534611.8
4510,281873923.8
4511,533938464.2
4512,268542937.2
4513,290887518.1
4514,296182831.2
4515,401371369.6
4516,267953716.5
4517,292400971.2
4518,400080318.4
4519,288735692.1
4520,302635500.1
4521,306895057.4
4522,260974755.8
4523,260303439.9
4524,268450321.3
4525,296534611.8
4526,285291792.3
4527,296997348.3
4528,303303849.4
4529,260204940.2
4530,282623340.1
4531,294977890.3
4532,296534611.8
4533,302138895.3
4534,294879390.6
4535,493675469.8
4536,352036076.4
4537,268450321.3
4538,317296746.7
4539,316589764.1
4540,282789193.4
4541,307543707.4
4542,275552498.8
4543,269220136.9
4544,260303439.9
4545,288524097.3
4546,269335533.6
4547,259708335.4
4548,294879390.6
4549,296679436.0
4550,314953166.6
4551,877802461.5
4552,307190593.5
4553,282623340.1
4554,577807145.9
4555,295764602.9
4556,280637367.4
4557,294879390.6
4558,287192834.5
4559,285626644.7
4560,310683301.8
4561,294879390.6
4562,295764602.9
4563,552162460.7
4564,268450321.3
4565,267953716.5
4566,314967251.7
4567,542132018.1
4568,294382785.8
4569,274315942.4
4570,296182831.2
4571,297031216.6
4572,260974755.8
4573,284025749.8
4574,297031216.6
4575,294879390.6
4576,282623340.1
4577,290673598.6
4578,304133394.1
4579,306796557.7
4580,322246539.6
4581,304787326.1
4582,310683301.8
4583,452333622.1
4584,269335533.6
4585,533938464.2
4586,294626109.7
4587,317104992.6
4588,416351440.6
4589,296534611.8
4590,831162467.8
4591,274022589.1
4592,296182831.2
4593,303303849.4
4594,282623340.1
4595,527072404.0
4596,401371369.6
4597,294977890.3
4598,614627968.1
4599,296679436.0
4600,295764602.9
4601,280387752.6
4602,296534611.8
4603,281873923.8
4604,304787326.1
4605,424565257.7
4606,436742955.7
4607,302635500.1
4608,260297556.1
4609,322246539.6
4610,564659419.6
4611,294382785.8
4612,282623340.1
4613,292924259.0
4614,294879390.6
4615,296534611.8
4616,293355785.3
4617,261121812.2
4618,268548821.0
4619,294879390.6
4620,260297556.1
4621,300652859.2
4622,297031216.6
4623,294527610.0
4624,268450321.3
4625,268542937.2
4626,268450321.3
4627,297564648.3
4628,267953716.5
4629,388365748.0
4630,294879390.6
4631,295817470.3
4632,268450321.3
4633,256509785.1
4634,291184235.5
4635,288524097.3
4636,328272922.0
4637,303303849.4
4638,294879390.6
4639,294879390.6
4640,284025749.8
4641,285626644.7
4642,296534611.8
4643,378393721.6
4644,294977890.3
4645,268542937.2
4646,709293211.6
4647,294382785.8
4648,294977890.3
4649,494785479.2
4650,298766134.7
4651,282370528.6
4652,472275913.3
4653,288524097.3
4654,261121812.2
4655,483742583.9
4656,294879390.6
4657,294382785.8
4658,268542937.2
4659,303396465.3
4660,280278716.2
4661,314953166.6
4662,268450321.3
4663,297031216.6
4664,314601386.0
4665,256041568.2
4666,272659287.5
4667,280637367.4
4668,297031216.6
4669,260204940.2
4670,282623340.1
4671,295764602.9
4672,259708335.4
4673,285626644.7
4674,294527610.0
4675,293155608.3
4676,296534611.8
4677,314953166.6
4678,268450321.3
4679,267953716.5
4680,260204940.2
4681,304290721.3
4682,386213922.0
4683,395134985.6
4684,281804967.8
4685,281873923.8
4686,294382785.8
4687,294382785.8
4688,502029677.6
4689,297916428.9
4690,280278716.2
4691,295342127.1
4692,296534611.8
4693,269335533.6
4694,299608694.3
4695,295817470.3
4696,294031005.2
4697,393536644.2
4698,268450321.3
4699,304787326.1
4700,362447350.1
4701,400080318.4
4702,259708335.4
4703,306543276.8
4704,321090401.5
4705,317296746.7
4706,267329074.6
4707,254112987.5
4708,386710526.8
4709,298354350.6
4710,382757208.1
4711,268450321.3
4712,268450321.3
4713,430157449.4
4714,302138895.3
4715,297916428.9
4716,294382785.8
4717,302138895.3
4718,268450321.3
4719,407730875.6
4720,276319047.6
4721,260303439.9
4722,290887518.1
4723,288524097.3
4724,620367778.9
4725,294977890.3
4726,294382785.8
4727,297916428.9
4728,294287560.6
4729,476275472.8
4730,314953166.6
4731,308872287.9
4732,707192761.2
4733,288524097.3
4734,676101572.1
4735,252876431.1
4736,294977890.3
4737,280637367.4
4738,269335533.6
4739,290887518.1
4740,575737786.7
4741,268450321.3
4742,387031457.0
4743,268548821.0
4744,280278716.2
4745,402271707.4
4746,288735692.1
4747,386213922.0
4748,297160150.9
4749,262078721.8
4750,317104992.6
4751,286042179.5
4752,296534611.8
4753,294977890.3
4754,641432626.0
4755,294977890.3
4756,304133394.1
4757,342907848.8
4758,476202663.0
4759,533769487.5
4760,285087754.7
4761,299146369.9
4762,285439535.3
4763,269582100.2
4764,442308287.4
4765,297031216.6
4766,569044181.1
4767,277086681.3
4768,300745011.7
4769,276306539.7
4770,533938464.2
4771,262854973.4
4772,297031216.6
4773,322246539.6
4774,294977890.3
4775,294879390.6
4776,268542937.2
4777,417811577.5
4778,268841300.2
4779,303402349.1
4780,519674816.3
4781,268450321.3
4782,269220136.9
4783,282623340.1
4784,307259294.2
4785,324583109.8
4786,298766134.7
4787,293643899.4
4788,302635500.1
4789,268548821.0
4790,280387752.6
4791,268548821.0
4792,268548821.0
4793,268450321.3
4794,268542937.2
4795,294879390.6
4796,299608694.3
4797,633641889.1
4798,307190593.5
4799,291184235.5
4800,302138895.3
4801,267953716.5
4802,324583109.8
4803,288524097.3
4804,268450321.3
4805,295764602.9
4806,295764602.9
4807,268548821.0
4808,268450321.3
4809,327959370.4
4810,295764602.9
4811,261090152.5
4812,432062324.8
4813,280637367.4
4814,261090152.5
4815,294879390.6
4816,294845522.3
4817,260297556.1
4818,503585837.8
4819,256509785.1
4820,485525574.2
4821,268542937.2
4822,268548821.0
4823,268450321.3
4824,286042179.5
4825,298609048.0
4826,268450321.3
4827,307190593.5
4828,262854973.4
4829,262854973.4
4830,260297556.1
4831,304318138.3
4832,285626644.7
4833,294879390.6
4834,267953716.5
4835,314953166.6
4836,294382785.8
4837,533938464.2
4838,285626644.7
4839,288524097.3
4840,386984393.1
4841,268450321.3
4842,483742583.9
4843,620367778.9
4844,303303849.4
4845,304290721.3
4846,268542937.2
4847,470667593.0
4848,297965276.0
4849,455164533.3
4850,382916872.0
4851,268450321.3
4852,260204940.2
4853,516668911.2
4854,294977890.3
4855,307190593.5
4856,294031005.2
4857,300825430.0
4858,275520491.5
4859,260303439.9
4860,620438708.1
4861,591492459.6
4862,300745011.7
4863,569044181.1
4864,307190593.5
4865,281873923.8
4866,295764602.9
4867,398705339.7
4868,268450321.3
4869,294879390.6
4870,297916428.9
4871,268450321.3
4872,294879390.6
4873,294382785.8
4874,307190593.5
4875,386710526.8
4876,288735692.1
4877,256041568.2
4878,288524097.3
4879,254112987.5
4880,353946372.0
4881,297031216.6
4882,300825430.0
4883,307190593.5
4884,362974121.3
4885,294977890.3
4886,286994187.6
4887,296534611.8
4888,294879390.6
4889,296202524.6
4890,298766134.7
4891,281804967.8
4892,275809934.9
4893,298766134.7
4894,268542937.2
4895,268548821.0
4896,290657299.6
4897,275433835.3
4898,521721244.3
4899,254609592.3
4900,432888033.3
4901,297031775.2
4902,297916428.9
4903,268450321.3
4904,402979411.6
4905,294879390.6
4906,388365748.0
4907,839856787.7
4908,281873923.8
4909,280637367.4
4910,314953166.6
4911,294382785.8
4912,261121812.2
4913,260204940.2
4914,302896837.7
4915,280637367.4
4916,294977890.3
4917,297493953.1
4918,513684024.5
4919,300825430.0
4920,304787326.1
4921,290887518.1
4922,297031216.6
4923,295764602.9
4924,280637367.4
4925,428705735.9
4926,288524097.3
4927,296534611.8
4928,294382785.8
4929,298354350.6
4930,296534611.8
4931,292400971.2
4932,268450321.3
4933,298766134.7
4934,294382785.8
4935,586069603.8
4936,294879390.6
4937,269335533.6
4938,294879390.6
4939,268450321.3
4940,294879390.6
4941,437533218.1
4942,267953716.5
4943,300745011.7
4944,269141943.2
4945,267953716.5
4946,297031216.6
4947,314953166.6
4948,294382785.8
4949,274377959.0
4950,292400971.2
4951,307190593.5
4952,274022589.1
4953,298766134.7
4954,275520491.5
4955,294382785.8
4956,297916428.9
4957,302138895.3
4958,303303849.4
4959,278947453.4
4960,268548821.0
4961,453357365.3
4962,294382785.8
4963,277168753.4
4964,260204940.2
4965,373236657.8
4966,359395248.0
4967,290887518.1
4968,288735692.1
4969,294031005.2
4970,294527610.0
4971,412970711.3
4972,297031216.6
4973,259708335.4
4974,428705735.9
4975,294977890.3
4976,268450321.3
4977,280387752.6
4978,303303849.4
4979,295507611.3
4980,274022589.1
4981,268548821.0
4982,346373325.6
4983,269335533.6
4984,287192834.5
4985,774230695.5
4986,317104992.6
4987,268542937.2
4988,260204940.2
4989,262358368.6
4990,294977890.3
4991,268450321.3
4992,356685801.2
4993,268548821.0
4994,439299671.7
4995,269335533.6
4996,286042179.5
4997,254112987.5
4998,294972006.5
4999,269220136.9
5000,676101572.1
5001,354711108.6
5002,542902555.7
5003,290673598.6
5004,304787326.1
5005,308872287.9
5006,461731763.0
5007,284025749.8
5008,386853441.9
5009,294879390.6
5010,268450321.3
5011,308872287.9
5012,319760991.8
5013,386213922.0
5014,302635500.1
5015,294972006.5
5016,310683301.8
5017,297916428.9
5018,317104992.6
5019,280637367.4
5020,268450321.3
5021,288524097.3
5022,303402349.1
5023,314953166.6
5024,298766134.7
5025,303402349.1
5026,352961851.3
5027,321659015.8
5028,294287560.6
5029,442504504.6
5030,294972006.5
5031,273380509.0
5032,384732758.4
5033,259708335.4
5034,284522354.6
5035,294879390.6
5036,303402349.1
5037,254112987.5
5038,400080318.4
5039,314953166.6
5040,297136607.7
5041,275773861.7
5042,280607847.3
5043,273097702.3
5044,691956027.2
5045,268450321.3
5046,297031216.6
5047,317104992.6
5048,294382785.8
5049,494785479.2
5050,297916428.9
5051,488839025.2
5052,496562741.1
5053,298766134.7
5054,395853164.2
5055,303396465.3
5056,268450321.3
5057,296534611.8
5058,300825430.0
5059,305020789.1
5060,401659685.5
5061,304318138.3
5062,267953716.5
5063,267953716.5
5064,280387752.6
5065,296534611.8
5066,268542937.2
5067,282789193.4
5068,303303849.4
5069,288735692.1
5070,268548821.0
5071,551028849.2
5072,298766134.7
5073,386710526.8
5074,294879390.6
5075,277381263.6
5076,264466027.0
5077,544295848.0
5078,295412822.3
5079,296679436.0
5080,472537816.7
5081,481744280.7
5082,296376091.7
5083,304290721.3
5084,262854973.4
5085,295507611.3
5086,294977890.3
5087,297916428.9
5088,268548821.0
5089,260204940.2
5090,286042179.5
5091,283119944.9
5092,262358368.6
5093,290887518.1
5094,288607316.4
5095,528923389.5
5096,304787326.1
5097,296534611.8
5098,260297556.1
5099,278011313.0
5100,296534611.8
5101,268450321.3
5102,267953716.5
5103,296534611.8
5104,310683301.8
5105,297031216.6
5106,296534611.8
5107,267953716.5
5108,282370528.6
5109,351539471.6
5110,386710526.8
5111,378692406.6
5112,304290721.3
5113,267953716.5
5114,382916872.0
5115,267953716.5
5116,297031216.6
5117,723625421.1
5118,268841300.2
5119,285291792.3
5120,295507611.3
5121,282789193.4
5122,302635500.1
5123,296182831.2
5124,324583109.8
5125,321090401.5
5126,278947453.4
5127,268450321.3
5128,294382785.8
5129,268542937.2
5130,349136027.7
5131,267581190.8
5132,300652859.2
5133,346373325.6
5134,521721244.3
5135,544295848.0
5136,294382785.8
5137,300652859.2
5138,265361673.2
5139,364723021.0
5140,298766134.7
5141,307190593.5
5142,500676704.7
5143,265361673.2
5144,269141943.2
5145,303402349.1
5146,296534611.8
5147,302635500.1
5148,299638887.9
5149,294977890.3
5150,578105677.7
5151,458395722.2
5152,349136027.7
5153,294879390.6
5154,297031775.2
5155,268542937.2
5156,517713876.0
5157,296534611.8
5158,274167221.6
5159,280637367.4
5160,294543909.0
5161,288524097.3
5162,307190593.5
5163,544295848.0
5164,260303439.9
5165,294287695.7
5166,536258628.2
5167,267953716.5
5168,306796557.7
5169,306796557.7
5170,296534611.8
5171,436543569.4
5172,275433835.3
5173,428381199.4
5174,375549327.0
5175,296534611.8
5176,291184235.5
5177,280387752.6
5178,464067461.8
5179,260303439.9
5180,297031216.6
5181,297031216.6
5182,280637367.4
5183,306895057.4
5184,295507611.3
5185,297564648.3
5186,273282009.3
5187,260204940.2
5188,281799084.0
5189,294879390.6
5190,751095187.0
5191,296534611.8
5192,375880112.9
5193,333898274.5
5194,304318138.3
5195,720353646.4
5196,282623340.1
5197,268542937.2
5198,272142371.5
5199,294382785.8
5200,303044684.7
5201,296182831.2
5202,260303439.9
5203,317104992.6
5204,261090152.5
5205,282623340.1
5206,313797028.5
5207,268450321.3
5208,269335533.6
5209,542132018.1
5210,290887518.1
5211,267953716.5
5212,295764602.9
5213,284025749.8
5214,297916428.9
5215,296534611.8
5216,268548821.0
5217,268542937.2
5218,273374625.2
5219,296534611.8
5220,269220136.9
5221,295764602.9
5222,268450321.3
5223,287274906.6
5224,260204940.2
5225,294382785.8
5226,266070561.3
5227,316589764.1
5228,286042179.5
5229,521721244.3
5230,267953716.5
5231,295764602.9
5232,268548821.0
5233,268542937.2
5234,252876431.1
5235,292400971.2
5236,472275913.3
5237,314287461.0
5238,297916428.9
5239,274377959.0
5240,286879943.8
5241,302138895.3
5242,302635500.1
5243,294626109.7
5244,260974755.8
5245,261090152.5
5246,268548821.0
5247,294287695.7
5248,294879390.6
5249,261121812.2
5250,389410786.1
5251,297916428.9
5252,314953166.6
5253,294382785.8
5254,297031216.6
5255,288735692.1
5256,294972006.5
5257,259708335.4
5258,276319047.6
5259,544323923.7
5260,276319047.6
5261,282476283.7
5262,312665942.7
5263,294977890.3
5264,297916428.9
5265,260204940.2
5266,310003373.7
5267,297031216.6
5268,294977890.3
5269,516668911.2
5270,304133394.1
5271,294382785.8
5272,288735692.1
5273,269335533.6
5274,277086681.3
5275,294977890.3
5276,259708335.4
5277,294879390.6
5278,281847088.5
5279,300825430.0
5280,314953166.6
5281,255544963.4
5282,294879390.6
5283,297916428.9
5284,294382785.8
5285,261121812.2
5286,296534611.8
5287,303402349.1
5288,268542937.2
5289,277381263.6
5290,461139231.4
5291,511957351.6
5292,269141943.2
5293,474908225.8
5294,260204940.2
5295,423945973.3
5296,260297556.1
5297,552162460.7
5298,484755036.6
5299,278011313.0
5300,260204940.2
5301,261090152.5
5302,290887518.1
5303,275433835.3
5304,294845522.3
5305,273380509.0
5306,284522354.6
5307,324349728.3
5308,294382785.8
5309,317104992.6
5310,476275472.8
5311,296534611.8
5312,572696639.4
5313,457033139.4
5314,290887518.1
5315,294879390.6
5316,274874563.8
5317,294879390.6
5318,297031216.6
5319,294977890.3
5320,283119944.9
5321,269341882.6
5322,268450321.3
5323,336342883.0
5324,294031005.2
5325,314953166.6
5326,268450321.3
5327,494785479.2
5328,268450321.3
5329,268450321.3
5330,572696639.4
5331,280278716.2
5332,297031216.6
5333,307190593.5
5334,280637367.4
5335,386710526.8
5336,267084586.0
5337,260303439.9
5338,289606854.1
5339,281804967.8
5340,294879390.6
5341,569044181.1
5342,324349728.3
5343,294543909.0
5344,552162460.7
5345,268548821.0
5346,290794987.4
5347,288524097.3
5348,275329967.1
5349,288524097.3
5350,296534611.8
5351,515278397.8
5352,260297556.1
5353,308872287.9
5354,282536012.8
5355,542132018.1
5356,306895057.4
5357,296534611.8
5358,275433835.3
5359,278748806.5
5360,542132018.1
5361,297916428.9
5362,317104992.6
5363,287278735.9
5364,297916428.9
5365,297136607.7
5366,567449762.1
5367,290887518.1
5368,262854973.4
5369,365380640.9
5370,465107857.1
5371,274022589.1
5372,634738151.3
5373,260303439.9
5374,298766134.7
5375,282789193.4
5376,533938464.2
5377,258682481.9
5378,268548821.0
5379,274937230.5
5380,298766134.7
5381,288735692.1
5382,300652859.2
5383,314953166.6
5384,370484569.9
5385,406827240.7
5386,295764602.9
5387,302635500.1
5388,472275913.3
5389,264755166.2
5390,388365748.0
5391,312665942.7
5392,294382785.8
5393,297564648.3
5394,294287560.6
5395,268548821.0
5396,290493905.8
5397,294879390.6
5398,300825430.0
5399,268450321.3
5400,267953716.5
5401,277086681.3
5402,282789193.4
5403,294972006.5
5404,269335533.6
5405,282370528.6
5406,268450321.3
5407,330111277.2
5408,473754268.2
5409,582085287.8
5410,317104992.6
5411,262104820.8
5412,274937230.5
5413,297916428.9
5414,307190593.5
5415,307190593.5
5416,274377959.0
5417,302896837.7
5418,280278716.2
5419,296202524.6
5420,294287560.6
5421,276756969.3
5422,542132018.1
5423,391751609.2
5424,702021757.9
5425,281873923.8
5426,272142371.5
5427,264755166.2
5428,267953716.5
5429,298766134.7
5430,398766372.0
5431,290493905.8
5432,275520491.5
5433,314953166.6
5434,290887518.1
5435,294031005.2
5436,283119944.9
5437,292400971.2
5438,294972006.5
5439,260204940.2
5440,264256646.8
5441,267953716.5
5442,471958357.0
5443,562339255.6
5444,280637367.4
5445,288735692.1
5446,552162460.7
5447,275433835.3
5448,294287695.7
5449,336342883.0
5450,294879390.6
5451,294972006.5
5452,317104992.6
5453,400080318.4
5454,542132018.1
5455,366164485.6
5456,292400971.2
5457,288735692.1
5458,260204940.2
5459,294972006.5
5460,295764602.9
5461,294879390.6
5462,317104992.6
5463,568596215.4
5464,276319047.6
5465,282623340.1
5466,282248524.7
5467,281873923.8
5468,533938464.2
5469,317104992.6
5470,423945973.3
5471,554714228.3
5472,298766134.7
5473,278748806.5
5474,274022589.1
5475,336342883.0
5476,297031775.2
5477,268548821.0
5478,294977890.3
5479,484755036.6
5480,260303439.9
5481,295764602.9
5482,290493905.8
5483,268450321.3
5484,477195101.0
5485,269335533.6
5486,261090152.5
5487,577312437.7
5488,231994225.5
5489,252876431.1
5490,268542937.2
5491,286994187.6
5492,278333271.7
5493,268450321.3
5494,314953166.6
5495,261121812.2
5496,314953166.6
5497,324398365.6
5498,269335533.6
5499,300652859.2
5500,314953166.6
5501,297916428.9
5502,259708335.4
5503,300745011.7
5504,294972006.5
5505,259708335.4
5506,547181443.5
5507,302635500.1
5508,533938464.2
5509,562339255.6
5510,314953166.6
5511,283119944.9
5512,378944081.4
5513,314953166.6
5514,290887518.1
5515,283119944.9
5516,268548821.0
5517,423178250.5
5518,300250334.4
5519,333594162.6
5520,295507611.3
5521,304787326.1
5522,298354350.6
5523,791665239.3
5524,532043017.7
5525,357243422.0
5526,297916428.9
5527,294972006.5
5528,307190593.5
5529,261090152.5
5530,413648943.9
5531,269335533.6
5532,291184235.5
5533,298766134.7
5534,413276441.0
5535,260303439.9
5536,260204940.2
5537,260204940.2
5538,294382785.8
5539,456754341.8
5540,289606854.1
5541,561006961.3
5542,303303849.4
5543,269773455.3
5544,304290721.3
5545,314953166.6
5546,294879390.6
5547,268542937.2
5548,268542937.2
5549,252876431.1
5550,273272646.2
5551,298354350.6
5552,275520491.5
5553,269220136.9
5554,268450321.3
5555,290103458.9
5556,285439535.3
5557,280111242.5
5558,727557520.0
5559,316589764.1
5560,313309013.1
5561,260685078.7
5562,290887518.1
5563,267953716.5
5564,294879390.6
5565,260204940.2
5566,292400971.2
5567,294382785.8
5568,307543707.4
5569,307190593.5
5570,279550007.3
5571,455602747.1
5572,260303439.9
5573,464238693.5
5574,303402349.1
5575,463148936.9
5576,261121812.2
5577,298766134.7
5578,297031216.6
5579,294287560.6
5580,294977890.3
5581,254609592.3
5582,302138895.3
5583,312665942.7
5584,290103458.9
5585,288735692.1
5586,395134985.6
5587,357740026.8
5588,483742583.9
5589,442504504.6
5590,297916428.9
5591,268450321.3
5592,357243422.0
5593,260204940.2
5594,303402349.1
5595,294879390.6
5596,330111277.2
5597,303396465.3
5598,265361673.2
5599,303402349.1
5600,278011313.0
5601,262854973.4
5602,349506719.7
5603,314953166.6
5604,382916872.0
5605,519590262.5
5606,476275472.8
5607,258682481.9
5608,320882764.2
5609,291184235.5
5610,274377959.0
5611,298766134.7
5612,569896888.6
5613,297031216.6
5614,322246539.6
5615,288735692.1
5616,297031216.6
5617,511631012.0
5618,282370528.6
5619,302896837.7
5620,296202524.6
5621,288735692.1
5622,294977890.3
5623,261121812.2
5624,545898272.4
5625,297031216.6
5626,260303439.9
5627,269443854.1
5628,336697380.8
5629,445015536.1
5630,297031216.6
5631,282789193.4
5632,274022589.1
5633,278333271.7
5634,314953166.6
5635,298766134.7
5636,296534611.8
5637,259708335.4
5638,336342883.0
5639,267953716.5
5640,296534611.8
5641,298766134.7
5642,297031216.6
5643,260204940.2
5644,514406855.5
5645,327959370.4
5646,268542937.2
5647,268542937.2
5648,484755036.6
5649,288524097.3
5650,489329403.3
5651,262406731.7
5652,295764602.9
5653,280387752.6
5654,280637367.4
5655,272142371.5
5656,732972672.7
5657,303396465.3
5658,319238194.9
5659,294879390.6
5660,552162460.7
5661,268548821.0
5662,584290866.9
5663,269335533.6
5664,268450321.3
5665,280637367.4
5666,298766134.7
5667,296182831.2
5668,261090152.5
5669,296534611.8
5670,473754268.2
5671,307543707.4
5672,268542937.2
5673,275434393.9
5674,296534611.8
5675,268542937.2
5676,294382785.8
5677,307190593.5
5678,542132018.1
5679,296534611.8
5680,294382785.8
5681,626805082.2
5682,267953716.5
5683,342254646.3
5684,282789193.4
5685,297031216.6
5686,293355785.3
5687,283630687.6
5688,295764602.9
5689,291075320.8
5690,391341330.8
5691,292400971.2
5692,521988395.8
5693,302138895.3
5694,261121812.2
5695,294879390.6
5696,290887518.1
5697,267953716.5
5698,268542937.2
5699,264755166.2
5700,269220136.9
5701,268548821.0
5702,317296746.7
5703,282789193.4
5704,306895057.4
5705,269341882.6
5706,303402349.1
5707,260974755.8
5708,314953166.6
5709,324583109.8
5710,260204940.2
5711,260297556.1
5712,598967008.2
5713,386710526.8
5714,306895057.4
5715,285291792.3
5716,269773455.3
5717,286042179.5
5718,307543707.4
5719,282370528.6
5720,304787326.1
5721,332826631.5
5722,288524097.3
5723,337095078.1
5724,268548821.0
5725,260303439.9
5726,276203650.9
5727,330111277.2
5728,294879390.6
5729,728898183.4
5730,294879390.6
5731,276319047.6
5732,294977890.3
5733,294977890.3
5734,254112987.5
5735,276319047.6
5736,269220136.9
5737,349136027.7
5738,261121812.2
5739,386710526.8
5740,277381263.6
5741,342716205.5
5742,280637367.4
5743,302138895.3
5744,294382785.8
5745,296534611.8
5746,285626644.7
5747,295764602.9
5748,542132018.1
5749,311059958.9
5750,300745011.7
5751,280387752.6
5752,274978186.5
5753,324349728.3
5754,298766134.7
5755,434467284.8
5756,259285035.8
5757,283200532.8
5758,269335533.6
5759,306796557.7
5760,267953716.5
5761,297031216.6
5762,334154885.6
5763,494785479.2
5764,268450321.3
5765,312665942.7
5766,290887518.1
5767,307543707.4
5768,282343693.3
5769,544323923.7
5770,284025749.8
5771,302635500.1
5772,304318138.3
5773,428481109.8
5774,290210282.5
5775,281873923.8
5776,296202524.6
5777,457677774.3
5778,493498176.4
5779,561537540.0
5780,294382785.8
5781,329525560.2
5782,281804967.8
5783,297691190.3
5784,259945775.5
5785,277566402.0
5786,324583109.8
5787,579401564.9
5788,297916428.9
5789,292400971.2
5790,379511724.6
5791,290887518.1
5792,260297556.1
5793,294879390.6
5794,310683301.8
5795,494910199.6
5796,294879390.6
5797,288607316.4
5798,296534611.8
5799,676101572.1
5800,272785404.5
5801,260297556.1
5802,268450321.3
5803,268450321.3
5804,450448631.4
5805,281799084.0
5806,281804967.8
5807,321090401.5
5808,265361673.2
5809,268105326.2
5810,267953716.5
5811,294382785.8
5812,252876431.1
5813,243161841.2
5814,294879390.6
5815,294879390.6
5816,306895057.4
5817,260297556.1
5818,294879390.6
5819,265361673.2
5820,268450321.3
5821,314953166.6
5822,268450321.3
5823,269220136.9
5824,268841300.2
5825,294879390.6
5826,268542937.2
5827,294972006.5
5828,545519636.3
5829,280387752.6
5830,260204940.2
5831,298766134.7
5832,277961760.9
5833,268841300.2
5834,267953716.5
5835,297031216.6
5836,282789193.4
5837,286042179.5
5838,259708335.4
5839,268841300.2
5840,303402349.1
5841,300745011.7
5842,261121812.2
5843,386213922.0
5844,275433835.3
5845,280278716.2
5846,386710526.8
5847,389011636.0
5848,269220136.9
5849,288524097.3
5850,278947453.4
5851,294879390.6
5852,294879390.6
5853,268841300.2
5854,296679436.0
5855,531547297.0
5856,302138895.3
5857,485149807.9
5858,170898142.5
5859,290887518.1
5860,450533622.9
5861,261090152.5
5862,268450321.3
5863,561006961.3
5864,692392912.1
5865,273374625.2
5866,294287560.6
5867,267953716.5
5868,307190593.5
5869,280278716.2
5870,296534611.8
5871,280387752.6
5872,660504206.9
5873,268548821.0
5874,280278716.2
5875,261121812.2
5876,261121812.2
5877,296534611.8
5878,428381199.4
5879,314953166.6
5880,290887518.1
5881,298766134.7
5882,401339319.0
5883,296534611.8
5884,305372569.7
5885,303402349.1
5886,314953166.6
5887,295764602.9
5888,294972006.5
5889,297031216.6
5890,296534611.8
5891,387031457.0
5892,303396465.3
5893,267953716.5
5894,485915660.1
5895,357740026.8
5896,406521022.7
5897,259708335.4
5898,282370528.6
5899,294620225.9
5900,281799084.0
5901,269335533.6
5902,295507611.3
5903,274022589.1
5904,298766134.7
5905,525901244.4
5906,288735692.1
5907,268450321.3
5908,280637367.4
5909,288607316.4
5910,268542937.2
5911,268450321.3
5912,423945973.3
5913,288735692.1
5914,294543909.0
5915,388365748.0
5916,288735692.1
5917,785099025.1
5918,298766134.7
5919,257696789.4
5920,297564648.3
5921,275520491.5
5922,297916428.9
5923,268548821.0
5924,312665942.7
5925,422691715.5
5926,314953166.6
5927,294382785.8
5928,529914798.2
5929,314953166.6
5930,292400971.2
5931,284522354.6
5932,294382785.8
5933,299868800.0
5934,294287560.6
5935,567449762.1
5936,298766134.7
5937,267953716.5
5938,276756969.3
5939,294382785.8
5940,484459433.3
5941,302138895.3
5942,290887518.1
5943,295764602.9
5944,357243422.0
5945,294879390.6
5946,268450321.3
5947,293355785.3
5948,346373325.6
5949,260204940.2
5950,783267917.0
5951,298766134.7
5952,295764602.9
5953,298766134.7
5954,268542937.2
5955,288735692.1
5956,316749134.1
5957,395134985.6
5958,505892689.7
5959,282370528.6
5960,288524097.3
5961,267953716.5
5962,294972006.5
5963,284025749.8
5964,298766134.7
5965,310683301.8
5966,294879390.6
5967,319441744.9
5968,515066752.5
5969,298766134.7
5970,304290721.3
5971,294879390.6
5972,275520491.5
5973,307190593.5
5974,268450321.3
5975,268450321.3
5976,280278716.2
5977,296534611.8
5978,425204973.9
5979,268450321.3
5980,429752045.8
5981,296202524.6
5982,461139231.4
5983,268548821.0
5984,284522354.6
5985,542132018.1
5986,294382785.8
5987,282370528.6
5988,290887518.1
5989,268542937.2
5990,442504504.6
5991,297031216.6
5992,280637367.4
5993,290794987.4
5994,295764602.9
5995,300524483.5
5996,302635500.1
5997,281873923.8
5998,525901244.4
5999,314953166.6
6000,314953166.6
6001,260297556.1
6002,314953166.6
6003,676101572.1
6004,297564648.3
6005,306796557.7
6006,260303439.9
6007,269335533.6
6008,294382785.8
6009,297160150.9
6010,310683301.8
6011,262358368.6
6012,275809934.9
6013,469671551.2
6014,295764602.9
6015,267953716.5
6016,297160150.9
6017,272785404.5
6018,294977890.3
6019,297031216.6
6020,294879390.6
6021,294382785.8
6022,260297556.1
6023,295507611.3
6024,294382785.8
6025,260303439.9
6026,388754102.0
6027,294879390.6
6028,384739705.0
6029,303396465.3
6030,429834082.7
6031,284522354.6
6032,317104992.6
6033,295764602.9
6034,306895057.4
6035,686557330.6
6036,268450321.3
6037,281804967.8
6038,267953716.5
6039,268548821.0
6040,288735692.1
6041,430097504.9
6042,314953166.6
6043,461139231.4
6044,314953166.6
6045,308872287.9
6046,260204940.2
6047,268548821.0
6048,294382785.8
6049,294382785.8
6050,260204940.2
6051,268542937.2
6052,328244558.3
6053,386213922.0
6054,386213922.0
6055,268450321.3
6056,302635500.1
6057,268548821.0
6058,288607316.4
6059,483125820.9
6060,275520491.5
6061,272142371.5
6062,269335533.6
6063,533938464.2
6064,294382785.8
6065,303396465.3
6066,280637367.4
6067,314953166.6
6068,267953716.5
6069,359556066.0
6070,441609859.4
6071,294527610.0
6072,297916428.9
6073,303101402.6
6074,296202524.6
6075,317104992.6
6076,277868312.9
6077,260297556.1
6078,298766134.7
6079,331887108.1
6080,297916428.9
6081,268542937.2
6082,268450321.3
6083,307190593.5
6084,303766585.9
6085,294287695.7
6086,302635500.1
6087,312665942.7
6088,303303849.4
6089,274937230.5
6090,546432944.0
6091,267953716.5
6092,268542937.2
6093,297031216.6
6094,533938464.2
6095,274022589.1
6096,269335533.6
6097,294626109.7
6098,298766134.7
6099,324583109.8
6100,295817470.3
6101,584527612.0
6102,267138310.8
6103,280387752.6
6104,268548821.0
6105,294972006.5
6106,303303849.4
6107,295764602.9
6108,280387752.6
6109,259708335.4
6110,291729012.3
6111,314953166.6
6112,288524097.3
6113,282370528.6
6114,280637367.4
6115,562339255.6
6116,275433835.3
6117,294972006.5
6118,281299456.4
6119,521721244.3
6120,288735692.1
6121,297916428.9
6122,579401564.9
6123,260297556.1
6124,268450321.3
6125,260204940.2
6126,382916872.0
6127,275433835.3
6128,413276441.0
6129,268548821.0
6130,386213922.0
6131,386710526.8
6132,294382785.8
6133,296534611.8
6134,276203650.9
6135,281873923.8
6136,393495308.9
6137,280387752.6
6138,294879390.6
6139,890706795.3
6140,260204940.2
6141,304290721.3
6142,268450321.3
6143,288524097.3
6144,294977890.3
6145,294879390.6
6146,304290721.3
6147,300745011.7
6148,304290721.3
6149,379511724.6
6150,751132486.0
6151,264755166.2
6152,838492898.1
6153,303050568.5
6154,268450321.3
6155,422975132.6
6156,268542937.2
6157,294879390.6
6158,447015926.2
6159,295764602.9
6160,268548821.0
6161,269141943.2
6162,295764602.9
6163,268548821.0
6164,294879390.6
6165,307543707.4
6166,288607316.4
6167,306796557.7
6168,294977890.3
6169,298766134.7
6170,294879390.6
6171,270087890.6
6172,268450321.3
6173,294879390.6
6174,261121812.2
6175,299638887.9
6176,297916428.9
6177,277086681.3
6178,260204940.2
6179,480268908.1
6180,262078721.8
6181,296534611.8
6182,545030744.5
6183,386213922.0
6184,751132486.0
6185,296534611.8
6186,268548821.0
6187,294879390.6
6188,288735692.1
6189,297031216.6
6190,298766134.7
6191,314953166.6
6192,280387752.6
6193,268542937.2
6194,303402349.1
6195,294382785.8
6196,278947453.4
6197,260297556.1
6198,370818914.0
6199,707192761.2
6200,296534611.8
6201,291184235.5
6202,442504504.6
6203,428481109.8
6204,297916428.9
6205,294382785.8
6206,288735692.1
6207,260974755.8
6208,278947453.4
6209,267953716.5
6210,288524097.3
6211,298766134.7
6212,329019835.0
6213,300745011.7
6214,281804967.8
6215,302635500.1
6216,281873923.8
6217,280278716.2
6218,268450321.3
6219,284025749.8
6220,297916428.9
6221,268542937.2
6222,268450321.3
6223,282623340.1
6224,322246539.6
6225,298766134.7
6226,268548821.0
6227,388862352.8
6228,269335533.6
6229,294879390.6
6230,260204940.2
6231,378338646.4
6232,268450321.3
6233,579874336.7
6234,262358368.6
6235,282370528.6
6236,303402349.1
6237,294527610.0
6238,295507611.3
6239,495034877.2
6240,552162460.7
6241,297031216.6
6242,314953166.6
6243,294845522.3
6244,279042666.8
6245,297031216.6
6246,268542937.2
6247,861620526.2
6248,295507611.3
6249,268450321.3
6250,297160150.9
6251,282789193.4
6252,302896837.7
6253,276306539.7
6254,461593661.4
6255,268450321.3
6256,286042179.5
6257,375549327.0
6258,267953716.5
6259,268197040.4
6260,297916428.9
6261,442504504.6
6262,302635500.1
6263,260297556.1
6264,294879390.6
6265,268542937.2
6266,259708335.4
6267,275520491.5
6268,314953166.6
6269,505892689.7
6270,388754102.0
6271,485915660.1
6272,296534611.8
6273,261121812.2
6274,456831854.1
6275,302138895.3
6276,286042179.5
6277,267953716.5
6278,288524097.3
6279,302635500.1
6280,314953166.6
6281,268548821.0
6282,417422545.8
6283,307190593.5
6284,583073926.8
6285,282370528.6
6286,317104992.6
6287,304290721.3
6288,399203111.2
6289,562339255.6
6290,295764602.9
6291,269290136.8
6292,690334683.6
6293,455588946.4
6294,269335533.6
6295,594137074.3
6296,294879390.6
6297,282789193.4
6298,269773455.3
6299,267953716.5
6300,269220136.9
6301,282623340.1
6302,280278716.2
6303,297031216.6
6304,317104992.6
6305,562339255.6
6306,280541514.0
6307,303402349.1
6308,294382785.8
6309,259708335.4
6310,261121812.2
6311,274937230.5
6312,294879390.6
6313,261121812.2
6314,258193394.2
6315,297031216.6
6316,312665942.7
6317,503267666.6
6318,328272922.0
6319,262358368.6
6320,294382785.8
6321,464858458.3
6322,327579548.0
6323,313797028.5
6324,294382785.8
6325,277168753.4
6326,296534611.8
6327,294977890.3
6328,298766134.7
6329,276319047.6
6330,317104992.6
6331,484755036.6
6332,267953716.5
6333,313797028.5
6334,268542937.2
6335,280637367.4
6336,294972006.5
6337,290887518.1
6338,297031216.6
6339,306796557.7
6340,274167221.6
6341,295764602.9
6342,294879390.6
6343,262358368.6
6344,310683301.8
6345,276319047.6
6346,533938464.2
6347,275427399.3
6348,297031216.6
6349,304133394.1
6350,297916428.9
6351,598967008.2
6352,298766134.7
6353,280278716.2
6354,294382785.8
6355,314953166.6
6356,316753212.0
6357,294972006.5
6358,295764602.9
6359,296534611.8
6360,268548821.0
6361,533938464.2
6362,281799084.0
6363,256509785.1
6364,274937230.5
6365,388754102.0
6366,299608694.3
6367,294382785.8
6368,304290721.3
6369,267953716.5
6370,330111277.2
6371,268542937.2
6372,254112987.5
6373,296534611.8
6374,287192834.5
6375,319441744.9
6376,268548821.0
6377,296534611.8
6378,268542937.2
6379,441664089.8
6380,267953716.5
6381,521721244.3
6382,307190593.5
6383,284025749.8
6384,321659015.8
6385,288524097.3
6386,419164550.4
6387,278748806.5
6388,260303439.9
6389,294879390.6
6390,294287560.6
6391,314953166.6
6392,300745011.7
6393,428705735.9
6394,421932945.2
6395,294382785.8
6396,259708335.4
6397,294527610.0
6398,297031216.6
6399,269335533.6
6400,388862352.8
6401,297916428.9
6402,297031216.6
6403,260297556.1
6404,294382785.8
6405,296534611.8
6406,294977890.3
6407,302635500.1
6408,262358368.6
6409,288735692.1
6410,268548821.0
6411,274167221.6
6412,297916428.9
6413,307190593.5
6414,433544654.6
6415,314953166.6
6416,274937230.5
6417,488330621.2
6418,260974755.8
6419,282623340.1
6420,282370528.6
6421,277381263.6
6422,295764602.9
6423,294382785.8
6424,284522354.6
6425,274377959.0
6426,260204940.2
6427,260204940.2
6428,294382785.8
6429,304133394.1
6430,288735692.1
6431,596430389.6
6432,575575743.0
6433,303402349.1
6434,304787326.1
6435,286042179.5
6436,280637367.4
6437,268450321.3
6438,282623340.1
6439,305372569.7
6440,310683301.8
6441,297916428.9
6442,260204940.2
6443,314953166.6
6444,268450321.3
6445,472401295.3
6446,362777922.1
6447,274937230.5
6448,261090152.5
6449,295764602.9
6450,312665942.7
6451,294879390.6
6452,332826631.5
6453,282789193.4
6454,281873923.8
6455,292400971.2
6456,294879390.6
6457,370420412.7
6458,268542937.2
6459,288524097.3
6460,442504504.6
6461,280637367.4
6462,432485789.5
6463,297916428.9
6464,294977890.3
6465,297916428.9
6466,268548821.0
6467,317104992.6
6468,296534611.8
6469,388862352.8
6470,317104992.6
6471,314953166.6
6472,298354350.6
6473,294287560.6
6474,306895057.4
6475,256509785.1
6476,340867489.4
6477,277086681.3
6478,297916428.9
6479,365380640.9
6480,290887518.1
6481,563539766.8
6482,267953716.5
6483,314953166.6
6484,657603761.3
6485,300652859.2
6486,294382785.8
6487,313560691.1
6488,281873923.8
6489,294382785.8
6490,268542937.2
6491,297031216.6
6492,260303439.9
6493,268450321.3
6494,502029677.6
6495,294620225.9
6496,444359562.2
6497,370484569.9
6498,288735692.1
6499,297916428.9
6500,291184235.5
6501,288524097.3
6502,359633784.6
6503,282623340.1
6504,260297556.1
6505,286042179.5
6506,303396465.3
6507,269335533.6
6508,289085920.5
6509,294382785.8
6510,275433835.3
6511,317104992.6
6512,267953716.5
6513,297916428.9
6514,268450321.3
6515,442504504.6
6516,276306539.7
6517,294382785.8
6518,294879390.6
6519,262358368.6
6520,265261295.0
6521,365380640.9
6522,307543707.4
6523,283119944.9
6524,290794987.4
6525,285626644.7
6526,375857826.0
6527,314953166.6
6528,324583109.8
6529,260303439.9
6530,533938464.2
6531,268548821.0
6532,296182831.2
6533,296534611.8
6534,575737786.7
6535,296534611.8
6536,312665942.7
6537,339849265.1
6538,297160150.9
6539,298766134.7
6540,307190593.5
6541,460517939.2
6542,294879390.6
6543,296534611.8
6544,260297556.1
6545,281299456.4
6546,609287973.6
6547,303050568.5
6548,282623340.1
6549,280637367.4
6550,304290721.3
6551,387031457.0
6552,280637367.4
6553,295764602.9
6554,294287695.7
6555,268450321.3
6556,280637367.4
6557,259708335.4
6558,298766134.7
6559,280387752.6
6560,544295848.0
6561,269335533.6
6562,307190593.5
6563,294972006.5
6564,307033506.8
6565,294977890.3
6566,272659287.5
6567,269335533.6
6568,304290721.3
6569,297916428.9
6570,275520491.5
6571,274377959.0
6572,314601386.0
6573,294543909.0
6574,292400971.2
6575,317104992.6
6576,283119944.9
6577,314953166.6
6578,374344169.4
6579,302952068.8
6580,269335533.6
6581,281873923.8
6582,295764602.9
6583,273374625.2
6584,260297556.1
6585,298766134.7
6586,282789193.4
6587,306895057.4
6588,260303439.9
6589,307190593.5
6590,500676704.7
6591,267953716.5
6592,442843878.4
6593,269220136.9
6594,270228934.3
6595,294879390.6
6596,733206584.5
6597,297031216.6
6598,307259294.2
6599,278333271.7
6600,261090152.5
6601,268450321.3
6602,420488035.8
6603,310683301.8
6604,321090401.5
6605,533938464.2
6606,285199176.4
6607,407730875.6
6608,297916428.9
6609,268548821.0
6610,314601386.0
6611,294620225.9
6612,785099025.1
6613,288735692.1
6614,402630370.2
6615,306543276.8
6616,391246639.6
6617,282789193.4
6618,281873923.8
6619,294972006.5
6620,298354350.6
6621,278333271.7
6622,483467733.8
6623,569044181.1
6624,544295848.0
6625,260974755.8
6626,306895057.4
6627,382916872.0
6628,294382785.8
6629,298354350.6
6630,294879390.6
6631,297031216.6
6632,294977890.3
6633,260297556.1
6634,290493905.8
6635,260303439.9
6636,465714994.1
6637,302896837.7
6638,268542937.2
6639,283119944.9
6640,268548821.0
6641,559176281.6
6642,525901244.4
6643,296534611.8
6644,294879390.6
6645,280637367.4
6646,268450321.3
6647,268548821.0
6648,275520491.5
6649,294527610.0
6650,268450321.3
6651,261121812.2
6652,274167221.6
6653,357740026.8
6654,493952879.9
6655,294879390.6
6656,395134985.6
6657,298766134.7
6658,314953166.6
6659,267953716.5
6660,267953716.5
6661,294879390.6
6662,268450321.3
6663,401116571.6
6664,303303849.4
6665,317104992.6
6666,295764602.9
6667,288735692.1
6668,303044684.7
6669,294382785.8
6670,297031216.6
6671,357740026.8
6672,268548821.0
6673,307190593.5
6674,533938464.2
6675,275520491.5
6676,259708335.4
6677,259708335.4
6678,294977890.3
6679,396755192.6
6680,296997348.3
6681,521292201.4
6682,297031216.6
6683,294382785.8
6684,317104992.6
6685,268548821.0
6686,297031216.6
6687,307190593.5
6688,260974755.8
6689,294977890.3
6690,521721244.3
6691,268542937.2
6692,867571286.8
6693,322326423.3
6694,280637367.4
6695,297916428.9
6696,496676653.2
6697,294879390.6
6698,288735692.1
6699,372977392.9
6700,367355333.5
6701,297031775.2
6702,302138895.3
6703,281804967.8
6704,296534611.8
6705,283119944.9
6706,284025749.8
6707,353946372.0
6708,268450321.3
6709,296534611.8
6710,261121812.2
6711,294382785.8
6712,406827240.7
6713,281706468.1
6714,294382785.8
6715,303303849.4
6716,288735692.1
6717,319441744.9
6718,314953166.6
6719,259708335.4
6720,268542937.2
6721,505892689.7
6722,297031216.6
6723,525901244.4
6724,269335533.6
6725,294879390.6
6726,298766134.7
6727,268450321.3
6728,260204940.2
6729,278333271.7
6730,313797028.5
6731,295764602.9
6732,275433835.3
6733,306895057.4
6734,274937230.5
6735,418898491.3
6736,260204940.2
6737,293355785.3
6738,317104992.6
6739,261090152.5
6740,267953716.5
6741,288524097.3
6742,387031457.0
6743,252876431.1
6744,259708335.4
6745,268542937.2
6746,290887518.1
6747,294977890.3
6748,268450321.3
6749,267953716.5
6750,294382785.8
6751,281873923.8
6752,560332292.4
6753,317296746.7
6754,300652859.2
6755,268548821.0
6756,391864473.2
6757,296534611.8
6758,303402349.1
6759,465107857.1
6760,300825430.0
6761,294972006.5
6762,297031216.6
6763,303402349.1
6764,294879390.6
6765,354711108.6
6766,314953166.6
6767,302138895.3
6768,569044181.1
6769,303101402.6
6770,296534611.8
6771,382916872.0
6772,294879390.6
6773,303303849.4
6774,723625421.1
6775,429834082.7
6776,296182831.2
6777,297031216.6
6778,288735692.1
6779,260204940.2
6780,330634128.2
6781,314953166.6
6782,396796798.1
6783,311059958.9
6784,268542937.2
6785,261121812.2
6786,273282009.3
6787,268450321.3
6788,294879390.6
6789,275433835.3
6790,303402349.1
6791,281873923.8
6792,400080318.4
6793,272142371.5
6794,268542937.2
6795,296534611.8
6796,602873953.9
6797,288524097.3
6798,322246539.6
6799,303303849.4
6800,445320145.5
6801,280637367.4
6802,306796557.7
6803,457115128.8
6804,288524097.3
6805,266927863.0
6806,306796557.7
6807,290887518.1
6808,294879390.6
6809,297031216.6
6810,297031216.6
6811,292400971.2
6812,268542937.2
6813,552162460.7
6814,317104992.6
6815,303303849.4
6816,314953166.6
6817,295764602.9
6818,260204940.2
6819,304787326.1
6820,292400971.2
6821,296534611.8
6822,292400971.2
6823,303402349.1
6824,513684024.5
6825,298766134.7
6826,288735692.1
6827,269335533.6
6828,294382785.8
6829,317104992.6
6830,259708335.4
6831,274811113.5
6832,283119944.9
6833,302138895.3
6834,294879390.6
6835,368931811.4
6836,274937230.5
6837,472804236.8
6838,294382785.8
6839,264755166.2
6840,314552667.2
6841,293355785.3
6842,261090152.5
6843,294382785.8
6844,476275472.8
6845,303303849.4
6846,274874563.8
6847,268542937.2
6848,294287560.6
6849,261090152.5
6850,310683301.8
6851,298766134.7
6852,294977890.3
6853,287003500.5
6854,274377959.0
6855,294287560.6
6856,288524097.3
6857,294972006.5
6858,324398365.6
6859,298766134.7
6860,302635500.1
6861,260974755.8
6862,292924259.0
6863,512085665.3
6864,253122687.0
6865,252536512.4
6866,447595481.8
6867,267767705.1
6868,701085446.7
6869,304290721.3
6870,261090152.5
6871,283119944.9
6872,294382785.8
6873,294972006.5
6874,275809934.9
6875,303303849.4
6876,269220136.9
6877,257116292.1
6878,260204940.2
6879,298354350.6
6880,298354350.6
6881,294879390.6
6882,544295848.0
6883,294287695.7
6884,297031216.6
6885,260297556.1
6886,314953166.6
6887,259708335.4
6888,292400971.2
6889,267581190.8
6890,285297676.1
6891,269220136.9
6892,723625421.1
6893,392259437.4
6894,274022589.1
6895,285297676.1
6896,272785404.5
6897,296534611.8
6898,317296746.7
6899,295764602.9
6900,298766134.7
6901,298766134.7
6902,280278716.2
6903,260974755.8
6904,288607316.4
6905,254609592.3
6906,354639400.1
6907,297916428.9
6908,297031216.6
6909,306895057.4
6910,317296746.7
6911,299608694.3
6912,268450321.3
6913,686557330.6
6914,346373325.6
6915,260297556.1
6916,302138895.3
6917,670881000.1
6918,286143808.1
6919,268548821.0
6920,494785479.2
6921,399466594.3
6922,306461076.1
6923,294879390.6
6924,314953166.6
6925,301578914.9
6926,268450321.3
6927,314953166.6
6928,282789193.4
6929,294242132.8
6930,443557565.6
6931,302138895.3
6932,295764602.9
6933,268450321.3
6934,525901244.4
6935,303402349.1
6936,281873923.8
6937,466669296.0
6938,294382785.8
6939,281706468.1
6940,274022589.1
6941,272142371.5
6942,302968367.8
6943,296679436.0
6944,428705735.9
6945,294977890.3
6946,307190593.5
6947,294879390.6
6948,268542937.2
6949,290887518.1
6950,444498237.6
6951,294977890.3
6952,294382785.8
6953,268542937.2
6954,277381263.6
6955,300524483.5
6956,303303849.4
6957,268542937.2
6958,259708335.4
6959,259708335.4
6960,281873923.8
6961,275433835.3
6962,490418436.2
6963,302635500.1
6964,296534611.8
6965,296679436.0
6966,279550007.3
6967,394891749.9
6968,294879390.6
6969,274937230.5
6970,276319047.6
6971,346373325.6
6972,267953716.5
6973,269220136.9
6974,281873923.8
6975,294879390.6
6976,268542937.2
6977,294879390.6
6978,314953166.6
6979,312665942.7
6980,298766134.7
6981,294382785.8
6982,329836995.1
6983,268450321.3
6984,525901244.4
6985,354711108.6
6986,300825430.0
6987,294879390.6
6988,274937230.5
6989,273374625.2
6990,401371369.6
6991,294879390.6
6992,260204940.2
6993,261090152.5
6994,297916428.9
6995,280637367.4
6996,290887518.1
6997,297916428.9
6998,294972006.5
6999,522840180.1
7000,260204940.2
7001,295764602.9
7002,268548821.0
7003,268548821.0
7004,280637367.4
7005,296534611.8
7006,268450321.3
7007,288524097.3
7008,252876431.1
7009,268542937.2
7010,292400971.2
7011,288524097.3
7012,295764602.9
7013,268450321.3
7014,314601386.0
7015,492639484.9
7016,330111277.2
7017,268542937.2
7018,260204940.2
7019,516934498.7
7020,417129428.5
7021,268548821.0
7022,299493020.2
7023,282370528.6
7024,294879390.6
7025,269773455.3
7026,436927446.1
7027,593431310.6
7028,297031216.6
7029,302138895.3
7030,265361673.2
7031,290342828.1
7032,285626644.7
7033,314953166.6
7034,312665942.7
7035,268548821.0
7036,294543909.0
7037,294879390.6
7038,294287560.6
7039,313560691.1
7040,322246539.6
7041,292400971.2
7042,300745011.7
7043,295764602.9
7044,260773147.3
7045,294287560.6
7046,282789193.4
7047,513684024.5
7048,297031216.6
7049,274315942.4
7050,294879390.6
7051,314953166.6
7052,269141943.2
7053,382916872.0
7054,321713064.6
7055,298766134.7
7056,398821317.8
7057,296202524.6
7058,274585449.9
7059,282248524.7
7060,295764602.9
7061,267953716.5
7062,265361673.2
7063,274937230.5
7064,286751829.5
7065,282623340.1
7066,267953716.5
7067,272785404.5
7068,302635500.1
7069,281799084.0
7070,474908225.8
7071,500676704.7
7072,268450321.3
7073,280387752.6
7074,303402349.1
7075,307190593.5
7076,533938464.2
7077,294879390.6
7078,298766134.7
7079,294382785.8
7080,268542937.2
7081,283119944.9
7082,268548821.0
7083,267953716.5
7084,285626644.7
7085,313797028.5
7086,288524097.3
7087,460091991.9
7088,407730875.6
7089,296997348.3
7090,294382785.8
7091,398627693.9
7092,522254078.1
7093,280387752.6
7094,288607316.4
7095,268450321.3
7096,295507611.3
7097,336342883.0
7098,297031216.6
7099,298766134.7
7100,302635500.1
7101,260297556.1
7102,294879390.6
7103,269335533.6
7104,298766134.7
7105,280387752.6
7106,302138895.3
7107,297136607.7
7108,314953166.6
7109,312665942.7
7110,268450321.3
7111,386213922.0
7112,280387752.6
7113,552162460.7
7114,260204940.2
7115,294879390.6
7116,267953716.5
7117,297916428.9
7118,294977890.3
7119,290657299.6
7120,294382785.8
7121,288735692.1
7122,269335533.6
7123,297031216.6
7124,405619119.9
7125,269335533.6
7126,561559813.4
7127,368931811.4
7128,294382785.8
7129,294527610.0
7130,295764602.9
7131,260297556.1
7132,294879390.6
7133,362447350.1
7134,254112987.5
7135,428381199.4
7136,317296746.7
7137,284025749.8
7138,281804967.8
7139,297916428.9
7140,476113015.3
7141,294382785.8
7142,270529279.6
7143,308872287.9
7144,297031216.6
7145,272142371.5
7146,260303439.9
7147,292400971.2
7148,275433835.3
7149,294879390.6
7150,306895057.4
7151,294977890.3
7152,261983553.2
7153,294382785.8
7154,294287695.7
7155,463931752.8
7156,300825430.0
7157,260974755.8
7158,260303439.9
7159,294382785.8
7160,260204940.2
7161,282789193.4
7162,428481109.8
7163,267953716.5
7164,294382785.8
7165,462632138.8
7166,304290721.3
7167,293355785.3
7168,259708335.4
7169,295764602.9
7170,294382785.8
7171,297031216.6
7172,260204940.2
7173,281799084.0
7174,294977890.3
7175,268450321.3
7176,303050568.5
7177,542132018.1
7178,282370528.6
7179,486014749.7
7180,296534611.8
7181,268450321.3
7182,307814341.2
7183,295507611.3
7184,574739804.6
7185,294977890.3
7186,300825430.0
7187,282370528.6
7188,288735692.1
7189,359784852.7
7190,259708335.4
7191,295764602.9
7192,287192834.5
7193,316753212.0
7194,428705735.9
7195,267307117.7
7196,260204940.2
7197,314953166.6
7198,294879390.6
7199,269335533.6
7200,494910199.6
7201,285199176.4
7202,286042179.5
7203,260204940.2
7204,271120820.2
7205,629784551.8
7206,269443854.1
7207,412332218.0
7208,304787326.1
7209,260297556.1
7210,317104992.6
7211,303402349.1
7212,314953166.6
7213,304787326.1
7214,471275189.4
7215,272142371.5
7216,370484569.9
7217,268450321.3
7218,280384186.8
7219,294543909.0
7220,288735692.1
7221,289606854.1
7222,268548821.0
7223,303303849.4
7224,386710526.8
7225,294382785.8
7226,294879390.6
7227,472537816.7
7228,295342127.1
7229,262358368.6
7230,267953716.5
7231,282810085.9
7232,561462626.2
7233,317296746.7
7234,432591553.6
7235,262358368.6
7236,586075954.5
7237,290103458.9
7238,294879390.6
7239,639807476.7
7240,261121812.2
7241,388754102.0
7242,294382785.8
7243,260204940.2
7244,281847088.5
7245,296202524.6
7246,303303849.4
7247,289606854.1
7248,298766134.7
7249,274937230.5
7250,294879390.6
7251,262854973.4
7252,281804967.8
7253,295507611.3
7254,285626644.7
7255,260204940.2
7256,295764602.9
7257,260303439.9
7258,282370528.6
7259,295764602.9
7260,303303849.4
7261,505350879.6
7262,274937230.5
7263,269220136.9
7264,296182831.2
7265,260204940.2
7266,262854973.4
7267,268450321.3
7268,296534611.8
7269,391329887.2
7270,475836824.2
7271,294879390.6
7272,317104992.6
7273,268450321.3
7274,268548821.0
7275,286042179.5
7276,294382785.8
7277,427082451.8
7278,466241963.1
7279,525901244.4
7280,336697380.8
7281,304787326.1
7282,562339255.6
7283,521721244.3
7284,268450321.3
7285,269220136.9
7286,263078690.6
7287,321090401.5
7288,294977890.3
7289,533938464.2
7290,281038118.8
7291,317104992.6
7292,268542937.2
7293,306895057.4
7294,274585449.9
7295,262104820.8
7296,294382785.8
7297,296534611.8
7298,312665942.7
7299,296534611.8
7300,294382785.8
7301,283119944.9
7302,295764602.9
7303,268450321.3
7304,303402349.1
7305,386213922.0
7306,423945973.3
7307,260204940.2
7308,295764602.9
7309,303402349.1
7310,260204940.2
7311,356487802.7
7312,419657904.2
7313,584527612.0
7314,283200532.8
7315,388365748.0
7316,268450321.3
7317,294879390.6
7318,561006961.3
7319,267953716.5
7320,407730875.6
7321,280278716.2
7322,314953166.6
7323,312665942.7
7324,294382785.8
7325,400080318.4
7326,457027738.2
7327,303303849.4
7328,290342828.1
7329,349506719.7
7330,353247423.0
7331,515803057.7
7332,298766134.7
7333,269220136.9
7334,294382785.8
7335,292924259.0
7336,294382785.8
7337,285199176.4
7338,328272922.0
7339,288735692.1
7340,268542937.2
7341,267953716.5
7342,290210282.5
7343,303402349.1
7344,260204940.2
7345,294879390.6
7346,302635500.1
7347,281799084.0
7348,296534611.8
7349,569044181.1
7350,304290721.3
7351,282370528.6
7352,269335533.6
7353,317086368.9
7354,267953716.5
7355,260974755.8
7356,298766134.7
7357,268542937.2
7358,294879390.6
7359,282789193.4
7360,282370528.6
7361,259708335.4
7362,544323923.7
7363,712144487.0
7364,281804967.8
7365,310683301.8
7366,281873923.8
7367,386213922.0
7368,295764602.9
7369,280637367.4
7370,260974755.8
7371,297031216.6
7372,544323923.7
7373,442308287.4
7374,296534611.8
7375,288607316.4
7376,268450321.3
7377,268542937.2
7378,324398365.6
7379,272142371.5
7380,294382785.8
7381,314953166.6
7382,294972006.5
7383,294879390.6
7384,321090401.5
7385,291768120.9
7386,304290721.3
7387,268450321.3
7388,269773455.3
7389,314953166.6
7390,317104992.6
7391,317104992.6
7392,311059958.9
7393,475013268.8
7394,297136607.7
7395,281873923.8
7396,297031775.2
7397,297031216.6
7398,295507611.3
